Jammie Ferry,ferry,ferry@cakravan.com,$2b$05$NOTbNn5DjVxYssY.fxcqD.65GxbRmAzEblrJNGVJrmNhXt3iqg1PK,headache
Keith Crist,crist,crist@cakravan.com,$2b$05$5V7biJv9bArn4.9WXuui8OaLesDW9RPY/0VVrOX32tY4EXKKFR2rO,diarrhea
Nathanael West,west,west@cakravan.com,$2b$05$.AvA5x2h54ES9kTquFuG9.QpdqZbjiocnUyJAuxwpA.suR/5.GGKm,vomiting
Jace Jerde,jerde,jerde@cakravan.com,$2b$05$8I3YSIas6wElVQSD5ppZnucCmdsIkpCQTvwZgsD7iZ7Q8L.3Rdyc6,nosebleed
Domenic Tremblay,tremblay,tremblay@cakravan.com,$2b$05$bRNKKvdsvp30DQy6NYDLiu9Kzxw1YqSfwI0xupBMuFqtr71dqRh3K,headache
Hanna Schultz,schultz,schultz@cakravan.com,$2b$05$0NbxyUEsacvLdo9LSti7d.bVViXlQqZAhPGMPewusbFRUNrtt/nfq,cough
Adriana Runolfsdottir,runolfsdottir,runolfsdottir@cakravan.com,$2b$05$FMXYGqdgb43sUip3wMR8m.krCBtog2ccrJHa/Xjfc45C6pSYIN7Hi,cough
Sarai Wunsch,wunsch,wunsch@cakravan.com,$2b$05$9goLNaK7VXFUy7th1.tJi.FrTo7o65Qp4LM1wrmUfd5zR07gIA6A.,fever
Karen Cassin,cassin,cassin@cakravan.com,$2b$05$ige/Oqe9yIeIhqT57WnAQ.EQf5Oott06RM0HP4MO6PMMOE4CmBiFa,diarrhea
Leta Upton,upton,upton@cakravan.com,$2b$05$ftmrUJgqdunqOevPkzo8jeaJQ0onA5LGCAUk6Y23CgAe/JbQknucS,vomiting
Jadon Ledner,ledner,ledner@cakravan.com,$2b$05$rRcIWKBvG52oOUiy.3RI.e7acJBb6EZP0N7kgPkthipOGeGDKOC/2,fever
Amelie Dooley,dooley,dooley@cakravan.com,$2b$05$ORhiHvbuRxHZnfICQgr2H.FWGMOeoXCKRlrn.emSfOa1EcEsXqz0e,nosebleed