Jeffery Klocko,klocko,klocko@mail.com,$2b$05$LNmB.cUVeR7N2/qrnQHaBeh5U3/y1bv1VEKx.dNPLEJ2k.mZYc9cm
Chauncey Spinka,spinka,spinka@mail.com,$2b$05$VqKYedCXQzN8UMqMaYtXae0uO34p4n46natWFaH/x.XpEWX3s4EOy
Alfonzo Bechtelar,bechtelar,bechtelar@mail.com,$2b$05$KpRiu8VLPKDbBkF79tDZd.VKLNGdh3O8prjI6SrC2yf2IFW7phXR6
Uriel Grady,grady,grady@mail.com,$2b$05$U3DePo6cmServejL623zy.NIBFXB8Qyi81VZP7uQ8C/hvilniYdRe
Margaretta Leannon,leannon,leannon@mail.com,$2b$05$GO/zfjNWXqfnpogXF3DS..KaHHGw.Vjf1kiRaTebSLKmQZgds7NZ2
Garnett Hagenes,hagenes,hagenes@mail.com,$2b$05$i9UbWqGT2AquZSvmDy5lkufgI1yCWgyTHSybN6zIhBx.cK2geh0fu
Kara Koch,koch,koch@mail.com,$2b$05$0d4KwMI2eHx06qZEa/Shh.zbY65AI.9KlA9VIf.q6iviVYrWwsf/O
Karlee Hegmann,hegmann,hegmann@mail.com,$2b$05$Ej9lj1s3ybUL3xzRnuttiu80B7VCzD5DfswES.oUabJ3tTTlqF2Le
Helene Ondricka,ondricka,ondricka@mail.com,$2b$05$mkDv0/2IFSZRMJSO1SmYkeTwZAt4XqB5Gq5oVMni1GIeUl.YnEFFW
Burnice Dach,dach,dach@mail.com,$2b$05$M6h9UGEkI45IObFnAqzoCeOyzZ9MGBsXwooTOZJhml4HeF19viZWa
Alberto Ondricka,ondricka,ondricka@mail.com,$2b$05$PaP2zuLAKcVs7lJU/NKaCerXciY5XduLpUmbNxYsbtvFTAYKIwscu
Tanya Quitzon,quitzon,quitzon@mail.com,$2b$05$HEE4HucEarg8EIkE55B5/.8Q9k1lqcUS10uUtidMZxg44ICU8ZvgK
Jessika Reichert,reichert,reichert@mail.com,$2b$05$r1Fzff1khC8wjj.kV9eFIeLXLiIxaFK1McYQNFGnHMsRQC1TNK/FG
Kyla Jones,jones,jones@mail.com,$2b$05$m2eQiWkgxpjLLSKsKMZPxOXryOH1hZJQm9aJdxd7uALjGTuqltxTC
Arturo Koch,koch,koch@mail.com,$2b$05$rErWyORt/hMido4hNNE50OUMAr2hepVWyE77DugtLPy9T5L0/q4Li
Aniya Gusikowski,gusikowski,gusikowski@mail.com,$2b$05$f55M4Ow3WlgVsj3hnVTX4eGMRVPHcpcOxIaPkOLKiIIWgm6xaMFNS
Lenna Moen,moen,moen@mail.com,$2b$05$xc7b6OUhLTLmRORT3HIM6en3PlhS6OWgDsqBE7s8BwOlbKIdKTglC
Augusta Oberbrunner,oberbrunner,oberbrunner@mail.com,$2b$05$94pobLU1t0LZjdV.AQZ48ensuHOKbnbqe3lt2EoYSuOMaMO6/d7H2
Marjorie Gerlach,gerlach,gerlach@mail.com,$2b$05$cie1/Wg.sFHkWD7NB/9QSe0M1.qky0Edd29Fu9TMZS03If4PpU/eq
Marianne Mante,mante,mante@mail.com,$2b$05$AMCrv.PJ8rPolcu1E50RsuL9Lu51S3odyeaYucL/xqg5.MvcVIika
Fredrick Farrell,farrell,farrell@mail.com,$2b$05$esm2YrHFNx8k5Luwgax7EeF680DKgPBiyK15idYeNAMr.xHqX/NCK
Easter Macejkovic,macejkovic,macejkovic@mail.com,$2b$05$MS324Tld8KJ1sw5.9qFqYu.em6pgzMJUnIExIT///nyoxwHDdJtDK
Unique Schimmel,schimmel,schimmel@mail.com,$2b$05$PEx2OD6um1KPFx4L8y1VU.mTFCAI4VX/aQZftyB5d.Dc2hiN4m5jG
Myah Purdy,purdy,purdy@mail.com,$2b$05$T1sVHSbViafBiFyaCZMtUun5JBRCU4NE/b3COlRzWvRjkXZ9CI32.