Jeffery Klocko,klocko,klocko@mail.com,r2Xmp
Chauncey Spinka,spinka,spinka@mail.com,xNJfz
Alfonzo Bechtelar,bechtelar,bechtelar@mail.com,wtwMq
Uriel Grady,grady,grady@mail.com,QpyZ3
Margaretta Leannon,leannon,leannon@mail.com,9kja_
Garnett Hagenes,hagenes,hagenes@mail.com,aspPu
Kara Koch,koch,koch@mail.com,tMsXz
Karlee Hegmann,hegmann,hegmann@mail.com,pC1ap
Helene Ondricka,ondricka,ondricka@mail.com,VUW7V
Burnice Dach,dach,dach@mail.com,VXvQA
Alberto Ondricka,ondricka,ondricka@mail.com,ufhtx
Tanya Quitzon,quitzon,quitzon@mail.com,l0muZ
Jessika Reichert,reichert,reichert@mail.com,3FhVM
Kyla Jones,jones,jones@mail.com,Eldpk
Arturo Koch,koch,koch@mail.com,irVdu
Aniya Gusikowski,gusikowski,gusikowski@mail.com,67Ycq
Lenna Moen,moen,moen@mail.com,HWaY4
Augusta Oberbrunner,oberbrunner,oberbrunner@mail.com,v3waz
Marjorie Gerlach,gerlach,gerlach@mail.com,HgfkK
Marianne Mante,mante,mante@mail.com,0Yt9N
Fredrick Farrell,farrell,farrell@mail.com,uuynt
Easter Macejkovic,macejkovic,macejkovic@mail.com,RT5XE
Unique Schimmel,schimmel,schimmel@mail.com,IqQo3
Myah Purdy,purdy,purdy@mail.com,qz2aA