Jammie Ferry,ferry@cakravan.com,RJ2AP,headache
Keith Crist,crist@cakravan.com,AvDFn,diarrhea
Nathanael West,west@cakravan.com,d4m88,vomiting
Jace Jerde,jace@cakravan.com,qzZAL,nosebleed
Domenic Tremblay,tremblay@cakravan.com,ycYA0,headache
Hanna Schultz,schultz@cakravan.com,wZNGK,cough
Adriana Runolfsdottir,runolfsdottir@cakravan.com,BkboJ,cough
Sarai Wunsch,wunsch@cakravan.com,W53Lb,fever
Karen Cassin,cassin@cakravan.com,w4CGm,diarrhea
Leta Upton,leta@cakravan.com,JGPLG,vomiting
Jadon Ledner,ledner@cakravan.com,NQGu4,fever
Amelie Dooley,dooley@cakravan.com,GVYcE,nosebleed