Jammie Ferry,ferry,ferry@cakravan.com,RJ2AP,headache
Keith Crist,crist,crist@cakravan.com,AvDFn,diarrhea
Nathanael West,west,west@cakravan.com,d4m88,vomiting
Jace Jerde,jerde,jerde@cakravan.com,qzZAL,nosebleed
Domenic Tremblay,tremblay,tremblay@cakravan.com,ycYA0,headache
Hanna Schultz,schultz,schultz@cakravan.com,wZNGK,cough
Adriana Runolfsdottir,runolfsdottir,runolfsdottir@cakravan.com,BkboJ,cough
Sarai Wunsch,wunsch,wunsch@cakravan.com,W53Lb,fever
Karen Cassin,cassin,cassin@cakravan.com,w4CGm,diarrhea
Leta Upton,upton,upton@cakravan.com,JGPLG,vomiting
Jadon Ledner,ledner,ledner@cakravan.com,NQGu4,fever
Amelie Dooley,dooley,dooley@cakravan.com,GVYcE,nosebleed