Jeffery Klocko,klocko@mail.com,r2Xmp
Chauncey Spinka,spinka@mail.com,xNJfz
Alfonzo Bechtelar,bechtelar@mail.com,wtwMq
Uriel Grady,grady@mail.com,QpyZ3
Margaretta Leannon,leannon@mail.com,9kja_
Garnett Hagenes,hagenes@mail.com,aspPu
Kara Koch,koch@mail.com,tMsXz
Karlee Hegmann,hegmann@mail.com,pC1ap
Helene Ondricka,ondricka@mail.com,VUW7V
Burnice Dach,dach@mail.com,VXvQA
Alberto Ondricka,ondricka@mail.com,ufhtx
Tanya Quitzon,quitzon@mail.com,l0muZ
Jessika Reichert,reichert@mail.com,3FhVM
Kyla Jones,jones@mail.com,Eldpk
Arturo Koch,koch@mail.com,irVdu
Aniya Gusikowski,gusikowski@mail.com,67Ycq
Lenna Moen,moen@mail.com,HWaY4
Augusta Oberbrunner,oberbrunner@mail.com,v3waz
Marjorie Gerlach,gerlach@mail.com,HgfkK
Marianne Mante,mante@mail.com,0Yt9N
Fredrick Farrell,farrell@mail.com,uuynt
Easter Macejkovic,macejkovic@mail.com,RT5XE
Unique Schimmel,schimmel@mail.com,IqQo3
Myah Purdy,purdy@mail.com,qz2aA